Log loss,Accuracy ,Precision ,Recall ,F1 ,Roc auc ,R2 ,time,bestmodel
0.5148673410614403,0.8286883432868835,0.3588332416070446,0.6293436293436293,0.4570627409744129,0.7419138831204781,-0.6886536352561832,0.07800030708312988,"{'lr__class_weight': 'balanced', 'lr__multi_class': 'ovr', 'lr__penalty': 'l2', 'lr__solver': 'sag'}"
0.49859807450897137,0.8127626631276267,0.3298808907301916,0.6148648648648649,0.4293899561846984,0.7266180432243386,-0.845636284369734,0.07000422477722168,"{'lr__class_weight': 'balanced', 'lr__multi_class': 'multinomial', 'lr__penalty': 'none', 'lr__solver': 'newton-cg'}"
0.3193837597915483,0.8980314089803141,0.654054054054054,0.2335907335907336,0.34423897581792323,0.6088013622987393,-0.005125017240930063,0.5738041400909424,"{'rf__class_weight': 'balanced_subsample', 'rf__criterion': 'gini', 'rf__max_depth': 36164, 'rf__max_samples': 0.2, 'rf__n_estimators': 150, 'rf__oob_score': True}"
0.2776356146810194,0.8990267639902676,0.6666666666666666,0.23745173745173745,0.3501779359430605,0.6110441300298908,0.0046863983286667965,14.695433139801025,{'bag__sampling_strategy': 'not majority'}
0.3366152785251956,0.8981420039814201,0.6419753086419753,0.25096525096525096,0.3608605135322693,0.6164269172637896,-0.004034859955419412,0.6044051647186279,"{'rf__class_weight': 'balanced', 'rf__criterion': 'gini', 'rf__max_depth': 11718.0, 'rf__max_samples': 0.2, 'rf__n_estimators': 150, 'rf__oob_score': True}"
0.31865787342039925,0.8943817739438178,0.7288135593220338,0.12451737451737452,0.2126957955482275,0.5592609355724519,-0.04110020766278555,0.12479996681213379,{'xgb__scale_pos_weight': 0.2664118071005546}
